id,clue,answer
1,"Alex's first car, a beige ___",Corolla
2,What Alex burns at every single barbecue,Burgers
3,"Alex's dog, usually found asleep on the sofa",Biscuit
4,Alex's go-to karaoke song (with full commitment),Dancing Queen
5,Alex's favourite meal at any hour of the day,Pancakes
6,The sport Alex still claims to be pretty good at,Badminton
7,The mountain Alex almost climbed in 2009,Kilimanjaro
8,Alex's legendary dance move at weddings,Sprinkler
9,What Alex loses on the way out of the house every morning,Keys
10,The colour of Alex's famously loud lucky shirt,Orange
11,Alex's signature dish at every potluck: ___ salad,Potato
12,The sitcom Alex quotes at every party,Seinfeld
13,Nickname Alex earned on the school camping trip,Moose
14,Alex plans to open a tiny bookshop beside the ___,Harbour
15,The instrument Alex bought in 2003 and has played twice,Ukulele
16,Alex's secret talent: solving this colourful puzzle,Rubik's Cube
17,"What Alex says when giving directions: ""It's just past the ___""",Roundabout
18,Alex's handwriting looks like a doctor's ___,Prescription
19,The board game Alex has never lost (according to Alex),Monopoly
20,Alex's favourite crumble filling,Rhubarb
21,What Alex always claims is five minutes away,Dinner
22,The hat Alex wears on every fishing trip,Bucket
23,The town where Alex spent every summer as a kid,Lakeside
24,Alex's perfect Sunday: a long walk and a nap on the ___,Hammock
25,The first thing Alex does on any holiday: find the ___,Beach
26,What we are celebrating today,Birthday
27,Traditional gift for a 50th anniversary,Gold
28,Fifty years is half a ___,Century
29,You blow these out on the cake,Candles
30,Frozen treat on a stick,Popsicle
31,Red planet,Mars
32,Ringed planet,Saturn
33,Capital of Japan,Tokyo
34,Longest river in South America,Amazon
35,Country where the Olympic Games began,Greece
36,Italian city of canals and gondolas,Venice
37,Author of Pride and Prejudice,Austen
38,Painter of the Mona Lisa,Da Vinci
39,The Great ___ of China,Wall
40,Largest ocean on Earth,Pacific
41,Grand instrument with 88 black and white notes,Piano
42,Spanish dance with castanets,Flamenco
43,Fastest land animal,Cheetah
44,Flightless bird from New Zealand,Kiwi
45,Currency of Japan,Yen
46,Nickname of London's famous clock tower,Big Ben
47,Opposite of famine,Feast
48,Greek god of the sea,Poseidon
49,Sherlock Holmes's loyal friend,Watson
50,Flower the Netherlands is famous for,Tulip
51,Planet closest to the sun,Mercury
52,Chess piece that moves in an L shape,Knight
53,Colour you get by mixing blue and yellow,Green
54,Warm bread roll shaped like a knot,Pretzel
